{"cameraMode":{"drawMode":0,"name":"Shaded","section":"Shading Mode"},"sceneLighting":true,"audioPlay":false,"sceneViewState":{"m_AlwaysRefresh":false,"showFog":true,"showSkybox":true,"showFlares":true,"showImageEffects":true,"showParticleSystems":true,"showVisualEffectGraphs":true,"m_FxEnabled":true},"in2DMode":false,"pivot":{"x":33.68025588989258,"y":-53.397884368896487,"z":-15.894994735717774},"rotation":{"x":-0.5241365432739258,"y":-0.016096798703074456,"z":0.009908689185976982,"w":-0.8514260649681091},"size":31.189611434936525,"orthographic":false}